"Name"|"Artist"|"CCLI Number"|"Dates Used"
"10,000 Reasons (Bless The Lord)"|"Jonas Myrin, Matt Redman"|6016351|"Mär 26, 2022"
"Alles was ich hab"|"Thomas Klein"|4866709|"Mär 26, 2022, Mär 13, 2022"
"Du großer Gott (O Store Gud)"|"Carl Boberg, Günter Balders, Manfred von Glehn"|4339597|"Mär 6, 2022"
"Er hält die ganze Welt"|"Klaus Heizmann, Unknown"|7130114|"Mär 20, 2022"
"Ewigkeit"|"Mia Friesen, Nikolai Nilkens"|7158243|"Mär 20, 2022"
"Gott segne dich"|"Jennifer Pepper, Martin Pepper"|5947469|"Mär 26, 2022"
"Gottes Segen"|"Matthias Rhein"|4336772|"Mär 13, 2022"
"Großer Gott wir loben dich"|"Heinrich Bone, Ignaz Franz"|4334482|"Mär 6, 2022"
"Höher"|"Dominik Laim, Jennifer Pepper, Sarah Keim, Steffen Bodemer, Zippora Schneider-Ulrich"|7051762|"Mär 26, 2022"
"Ich folge dir"|"Arne Kopfermann, Chris Tomlin, Jason Ingram, Reuben Morgan"|6237525|"Mär 26, 2022"
"Ich tauch ein"|"Aodhan King, Joel Davies, Martin Bruch"|7008196|"Mär 6, 2022"
"Ich weiß dass mein Erlöser lebt"|"Lothar Kosse"|4905347|"Mär 6, 2022"
"Ich will dich anbeten"|"Andreas Waldmann, Tim Hughes"|5292815|"Mär 13, 2022"
"In Christus"|"Guido Baltes, Keith Getty, Stuart Townend"|5292994|"Mär 20, 2022"
"Jesus dein Licht"|"Graham Kendrick, Manfred Schmidt"|5171424|"Mär 13, 2022"
"Lass mich wachsen"|||"Mär 26, 2022"
"Leben aus der Quelle"|"Lukas Di Nunzio"|4327860|"Mär 13, 2022"
"Mein Gott ist höher als die Berge"|||"Mär 6, 2022"
"Mutig komm ich vor den Thron"|"Rend Collective, Simon Gottschick"|7028158|"Mär 20, 2022"
"My Lighthouse"|"Chris Llewellyn, Gareth Gilkeson"|7002032|"Mär 13, 2022"
"Our God"|"Chris Tomlin, Jesse Reeves, Jonas Myrin, Matt Redman"|5677416|"Mär 26, 2022"
"Sei gesegnet"|"Jennifer Pepper, Martin Pepper"|7033176|"Mär 6, 2022"
"Vater im Himmel"|"Albert Frey"|5900255|"Mär 13, 2022"
